{"cameraMode":{"drawMode":0,"name":"Shaded","section":"Shading Mode"},"sceneLighting":true,"audioPlay":false,"sceneViewState":{"m_AlwaysRefresh":false,"showFog":true,"showSkybox":true,"showFlares":true,"showImageEffects":true,"showParticleSystems":true,"showVisualEffectGraphs":true,"m_FxEnabled":true},"in2DMode":false,"pivot":{"x":1.7221628427505494,"y":-14.712909698486329,"z":21.46353530883789},"rotation":{"x":-0.3636888265609741,"y":0.021244946867227556,"z":-0.008222927339375019,"w":-0.9312834143638611},"size":15.967482566833496,"orthographic":false}