{"cameraMode":{"drawMode":0,"name":"Shaded","section":"Shading Mode"},"sceneLighting":true,"audioPlay":false,"sceneViewState":{"m_AlwaysRefresh":false,"showFog":true,"showSkybox":true,"showFlares":true,"showImageEffects":true,"showParticleSystems":true,"showVisualEffectGraphs":true,"m_FxEnabled":true},"in2DMode":false,"pivot":{"x":106.05012512207031,"y":66.66472625732422,"z":33.8592414855957},"rotation":{"x":0.012922635301947594,"y":0.9850104451179504,"z":-0.08531876653432846,"w":0.14948667585849763},"size":35.44361877441406,"orthographic":false}